{
    "$schema": "https://schema.management.azure.com/schemas/2015-01-01/deploymentParameters.json#",
    "contentVersion": "1.0.0.0",
    "parameters": {
        "clusterName": {
            "value": "pro-eshop-sfwin-cluster"
        },
        "clusterLocation": {
            "value": "westus"
        },
        "computeLocation": {
            "value": "westus"
        },
        "adminUserName": {
            "value": "dev"
        },
        "adminPassword": {
            "value": null
        },
        "nicName": {
            "value": "NIC-pro-eshop-sfwin-cluster"
        },
        "publicIPAddressName": {
            "value": "pro-eshop-sfwin-cluster-PubIP"
        },
        "dnsName": {
            "value": "pro-eshop-sfwin-cluster"
        },
        "virtualNetworkName": {
            "value": "VNet-pro-eshop-sfwin-cluster"
        },
        "lbName": {
            "value": "LB-pro-eshop-sfwin-cluster"
        },
        "lbIPName": {
            "value": "LBIP-pro-eshop-sfwin-cluster"
        },
        "applicationDiagnosticsStorageAccountName": {
            "value": "sfdgproeshopsfwinclu1565"
        },
        "supportLogStorageAccountName": {
            "value": "sflogsproeshopsfwinc4727"
        },
        "sourceVaultValue": {
            "value": "/subscriptions/e3035ac1-c06c-4daf-8939-57b3c5f1f759/resourceGroups/eshop-global-resgrp/providers/Microsoft.KeyVault/vaults/eshop-keyvault"
        },
        "certificateUrlValue": {
            "value": "https://eshop-keyvault.vault.azure.net/secrets/Production-eShop-SFWindows-Cluster-Certificate/2511b0d52af34d348947d7401f61e52f"
        },
        "certificateThumbprint": {
            "value": "2511b0d52af34d348947d7401f61e52f"
        },
        "vmImageSku": {
            "value": "2016-Datacenter-with-Containers"
        },
        "nt0ephemeralStartPort": {
            "value": 49152
        },
        "nt0ephemeralEndPort": {
            "value": 65534
        },
        "nt0applicationStartPort": {
            "value": 20000
        },
        "nt0applicationEndPort": {
            "value": 30000
        },
        "nt0fabricTcpGatewayPort": {
            "value": 19000
        },
        "nt0fabricHttpGatewayPort": {
            "value": 19080
        },
        "nt0reverseProxyEndpointPort": {
            "value": 19081
        }
    }
}