{
    "$schema": "http://schema.management.azure.com/schemas/2015-01-01/deploymentTemplate.json",
    "contentVersion": "1.0.0.0",
    "parameters": {
        "clusterLocation": {
            "type": "string",
            "metadata": {
                "description": "Location of the Cluster"
            }
        },
        "clusterName": {
            "type": "string",
            "defaultValue": "Cluster",
            "metadata": {
                "description": "Name of your cluster - Between 3 and 23 characters. Letters and numbers only"
            }
        },
        "nt0applicationStartPort": {
            "type": "int",
            "defaultValue": 20000
        },
        "nt0applicationEndPort": {
            "type": "int",
            "defaultValue": 30000
        },
        "nt0ephemeralStartPort": {
            "type": "int",
            "defaultValue": 49152
        },
        "nt0ephemeralEndPort": {
            "type": "int",
            "defaultValue": 65534
        },
        "nt0fabricTcpGatewayPort": {
            "type": "int",
            "defaultValue": 19000
        },
        "nt0fabricHttpGatewayPort": {
            "type": "int",
            "defaultValue": 19080
        },
        "nt0reverseProxyEndpointPort": {
            "type": "int",
            "defaultValue": 19081
        },
        "subnet0Name": {
            "type": "string",
            "defaultValue": "Subnet-0"
        },
        "subnet0Prefix": {
            "type": "string",
            "defaultValue": "10.0.0.0/24"
        },
        "computeLocation": {
            "type": "string"
        },
        "publicIPAddressName": {
            "type": "string",
            "defaultValue": "PublicIP-VM"
        },
        "publicIPAddressType": {
            "type": "string",
            "allowedValues": [
                "Dynamic"
            ],
            "defaultValue": "Dynamic"
        },
        "vmStorageAccountContainerName": {
            "type": "string",
            "defaultValue": "vhds"
        },
        "adminUserName": {
            "type": "string",
            "defaultValue": "testadm",
            "metadata": {
                "description": "Remote desktop user Id"
            }
        },
        "adminPassword": {
            "type": "securestring",
            "metadata": {
                "description": "Remote desktop user password. Must be a strong password"
            }
        },
        "virtualNetworkName": {
            "type": "string",
            "defaultValue": "VNet"
        },
        "addressPrefix": {
            "type": "string",
            "defaultValue": "10.0.0.0/16"
        },
        "dnsName": {
            "type": "string"
        },
        "nicName": {
            "type": "string",
            "defaultValue": "NIC"
        },
        "lbName": {
            "type": "string",
            "defaultValue": "LoadBalancer"
        },
        "lbIPName": {
            "type": "string",
            "defaultValue": "PublicIP-LB-FE"
        },
        "overProvision": {
            "type": "string",
            "defaultValue": "false"
        },
        "vmImagePublisher": {
            "type": "string",
            "defaultValue": "MicrosoftWindowsServer"
        },
        "vmImageOffer": {
            "type": "string",
            "defaultValue": "WindowsServer"
        },
        "vmImageSku": {
            "type": "string",
            "defaultValue": "2012-R2-Datacenter"
        },
        "vmImageVersion": {
            "type": "string",
            "defaultValue": "latest"
        },
        "loadBalancedAppPort1": {
            "type": "int",
            "defaultValue": 5114,
            "metadata": {
                "description": "Input endpoint1 for the application to use. Replace it with what your application uses"
            }
        },
        "loadBalancedAppPort2": {
            "type": "int",
            "defaultValue": 5433,
            "metadata": {
                "description": "Input endpoint2 for the application to use. Replace it with what your application uses"
            }
        },
        "loadBalancedAppPort3": {
            "type": "int",
            "defaultValue": 80,
            "metadata": {
                "description": "Input endpoint3 for the application to use. Replace it with what your application uses"
            }
        },
        "loadBalancedAppPort4": {
            "type": "int",
            "defaultValue": 81,
            "metadata": {
                "description": "Input endpoint4 for the application to use. Replace it with what your application uses"
            }
        },
        "loadBalancedAppPort5": {
            "type": "int",
            "defaultValue": 82,
            "metadata": {
                "description": "Input endpoint5 for the application to use. Replace it with what your application uses"
            }
        },
        "loadBalancedAppPort6": {
            "type": "int",
            "defaultValue": 83,
            "metadata": {
                "description": "Input endpoint6 for the application to use. Replace it with what your application uses"
            }
        },
        "loadBalancedAppPort7": {
            "type": "int",
            "defaultValue": 84,
            "metadata": {
                "description": "Input endpoint7 for the application to use. Replace it with what your application uses"
            }
        },
        "loadBalancedAppPort8": {
            "type": "int",
            "defaultValue": 85,
            "metadata": {
                "description": "Input endpoint8 for the application to use. Replace it with what your application uses"
            }
        },
        "loadBalancedAppPort9": {
            "type": "int",
            "defaultValue": 88,
            "metadata": {
                "description": "Input endpoint9 for the application to use. Replace it with what your application uses"
            }
        },
        "loadBalancedAppPort10": {
            "type": "int",
            "defaultValue": 8080,
            "metadata": {
                "description": "Input endpoint10 for the application to use. Replace it with what your application uses"
            }
        },
        "loadBalancedAppPort11": {
            "type": "int",
            "defaultValue": 8888,
            "metadata": {
                "description": "Input endpoint11 for the application to use. Replace it with what your application uses"
            }
        },
        "loadBalancedAppPort12": {
            "type": "int",
            "defaultValue": 1433,
            "metadata": {
                "description": "Input endpoint12 for the application to use. Replace it with what your application uses"
            }
        },
        "loadBalancedAppPort13": {
            "type": "int",
            "defaultValue": 443,
            "metadata": {
                "description": "Input endpoint13 for the application to use. Replace it with what your application uses"
            }
        },
        "loadBalancedAppPort14": {
            "type": "int",
            "defaultValue": 5100,
            "metadata": {
                "description": "Input endpoint14 for the application to use. Replace it with what your application uses"
            }
        },
        "loadBalancedAppPort15": {
            "type": "int",
            "defaultValue": 5101,
            "metadata": {
                "description": "Input endpoint15 for the application to use. Replace it with what your application uses"
            }
        },
        "loadBalancedAppPort16": {
            "type": "int",
            "defaultValue": 5102,
            "metadata": {
                "description": "Input endpoint16 for the application to use. Replace it with what your application uses"
            }
        },
        "loadBalancedAppPort17": {
            "type": "int",
            "defaultValue": 5103,
            "metadata": {
                "description": "Input endpoint17 for the application to use. Replace it with what your application uses"
            }
        },
        "loadBalancedAppPort18": {
            "type": "int",
            "defaultValue": 5104,
            "metadata": {
                "description": "Input endpoint18 for the application to use. Replace it with what your application uses"
            }
        },
        "loadBalancedAppPort19": {
            "type": "int",
            "defaultValue": 5105,
            "metadata": {
                "description": "Input endpoint19 for the application to use. Replace it with what your application uses"
            }
        },
        "loadBalancedAppPort20": {
            "type": "int",
            "defaultValue": 5106,
            "metadata": {
                "description": "Input endpoint20 for the application to use. Replace it with what your application uses"
            }
        },
        "loadBalancedAppPort21": {
            "type": "int",
            "defaultValue": 5107,
            "metadata": {
                "description": "Input endpoint21 for the application to use. Replace it with what your application uses"
            }
        },
        "loadBalancedAppPort22": {
            "type": "int",
            "defaultValue": 5108,
            "metadata": {
                "description": "Input endpoint22 for the application to use. Replace it with what your application uses"
            }
        },
        "loadBalancedAppPort23": {
            "type": "int",
            "defaultValue": 5109,
            "metadata": {
                "description": "Input endpoint23 for the application to use. Replace it with what your application uses"
            }
        },
        "loadBalancedAppPort24": {
            "type": "int",
            "defaultValue": 5110,
            "metadata": {
                "description": "Input endpoint24 for the application to use. Replace it with what your application uses"
            }
        },
        "loadBalancedAppPort25": {
            "type": "int",
            "defaultValue": 5112,
            "metadata": {
                "description": "Input endpoint25 for the application to use. Replace it with what your application uses"
            }
        },
        "loadBalancedAppPort26": {
            "type": "int",
            "defaultValue": 5113,
            "metadata": {
                "description": "Input endpoint26 for the application to use. Replace it with what your application uses"
            }
        },
        "loadBalancedAppPort27": {
            "type": "int",
            "defaultValue": 5115,
            "metadata": {
                "description": "Input endpoint27 for the application to use. Replace it with what your application uses"
            }
        },
        "loadBalancedAppPort28": {
            "type": "int",
            "defaultValue": 15672,
            "metadata": {
                "description": "Input endpoint28 for the application to use. Replace it with what your application uses"
            }
        },
        "loadBalancedAppPort29": {
            "type": "int",
            "defaultValue": 5672,
            "metadata": {
                "description": "Input endpoint29 for the application to use. Replace it with what your application uses"
            }
        },
        "loadBalancedAppPort30": {
            "type": "int",
            "defaultValue": 6379,
            "metadata": {
                "description": "Input endpoint30 for the application to use. Replace it with what your application uses"
            }
        },
        "clusterProtectionLevel": {
            "type": "string",
            "allowedValues": [
                "None",
                "Sign",
                "EncryptAndSign"
            ],
            "defaultValue": "EncryptAndSign",
            "metadata": {
                "description": "Protection level.Three values are allowed - EncryptAndSign, Sign, None. It is best to keep the default of EncryptAndSign, unless you have a need not to"
            }
        },
        "certificateStoreValue": {
            "type": "string",
            "allowedValues": [
                "My"
            ],
            "defaultValue": "My",
            "metadata": {
                "description": "The store name where the cert will be deployed in the virtual machine"
            }
        },
        "certificateThumbprint": {
            "type": "string",
            "metadata": {
                "description": "Certificate Thumbprint"
            }
        },
        "sourceVaultValue": {
            "type": "string",
            "metadata": {
                "description": "Resource Id of the key vault, is should be in the format of /subscriptions/<Sub ID>/resourceGroups/<Resource group name>/providers/Microsoft.KeyVault/vaults/<vault name>"
            }
        },
        "certificateUrlValue": {
            "type": "string",
            "metadata": {
                "description": "Refers to the location URL in your key vault where the certificate was uploaded, it is should be in the format of https://<name of the vault>.vault.azure.net:443/secrets/<exact location>"
            }
        },
        "storageAccountType": {
            "type": "string",
            "allowedValues": [
                "Standard_LRS",
                "Standard_GRS"
            ],
            "defaultValue": "Standard_LRS",
            "metadata": {
                "description": "Replication option for the VM image storage account"
            }
        },
        "supportLogStorageAccountType": {
            "type": "string",
            "allowedValues": [
                "Standard_LRS",
                "Standard_GRS"
            ],
            "defaultValue": "Standard_LRS",
            "metadata": {
                "description": "Replication option for the support log storage account"
            }
        },
        "supportLogStorageAccountName": {
            "type": "string",
            "defaultValue": "[toLower( concat('sflogs', uniqueString(resourceGroup().id),'2'))]",
            "metadata": {
                "description": "Name for the storage account that contains support logs from the cluster"
            }
        },
        "applicationDiagnosticsStorageAccountType": {
            "type": "string",
            "allowedValues": [
                "Standard_LRS",
                "Standard_GRS"
            ],
            "defaultValue": "Standard_LRS",
            "metadata": {
                "description": "Replication option for the application diagnostics storage account"
            }
        },
        "applicationDiagnosticsStorageAccountName": {
            "type": "string",
            "defaultValue": "[toLower(concat(uniqueString(resourceGroup().id), '3' ))]",
            "metadata": {
                "description": "Name for the storage account that contains application diagnostics data from the cluster"
            }
        },
        "nt0InstanceCount": {
            "type": "int",
            "defaultValue": 5,
            "metadata": {
                "description": "Instance count for node type"
            }
        },
        "vmNodeType0Name": {
            "type": "string",
            "defaultValue": "d1v2type",
            "maxLength": 9
        },
        "vmNodeType0Size": {
            "type": "string",
            "defaultValue": "Standard_D1_v2"
        }
    },
    "variables": {
        "vmssApiVersion": "2017-03-30",
        "lbApiVersion": "2015-06-15",
        "vNetApiVersion": "2015-06-15",
        "storageApiVersion": "2016-01-01",
        "publicIPApiVersion": "2015-06-15",
        "vnetID": "[resourceId('Microsoft.Network/virtualNetworks',parameters('virtualNetworkName'))]",
        "subnet0Ref": "[concat(variables('vnetID'),'/subnets/',parameters('subnet0Name'))]",
        "lbID0": "[resourceId('Microsoft.Network/loadBalancers', concat('LB','-', parameters('clusterName'),'-',parameters('vmNodeType0Name')))]",
        "lbIPConfig0": "[concat(variables('lbID0'),'/frontendIPConfigurations/LoadBalancerIPConfig')]",
        "lbPoolID0": "[concat(variables('lbID0'),'/backendAddressPools/LoadBalancerBEAddressPool')]",
        "lbProbeID0": "[concat(variables('lbID0'),'/probes/FabricGatewayProbe')]",
        "lbHttpProbeID0": "[concat(variables('lbID0'),'/probes/FabricHttpGatewayProbe')]",
        "lbNatPoolID0": "[concat(variables('lbID0'),'/inboundNatPools/LoadBalancerBEAddressNatPool')]",
        "vmStorageAccountName0": "[toLower(concat(uniqueString(resourceGroup().id), '1', '0' ))]",
        "uniqueStringArray0": [
            "[concat(variables('vmStorageAccountName0'), '0')]",
            "[concat(variables('vmStorageAccountName0'), '1')]",
            "[concat(variables('vmStorageAccountName0'), '2')]",
            "[concat(variables('vmStorageAccountName0'), '3')]",
            "[concat(variables('vmStorageAccountName0'), '4')]"
        ]
    },
    "resources": [
        {
            "apiVersion": "[variables('storageApiVersion')]",
            "type": "Microsoft.Storage/storageAccounts",
            "name": "[parameters('supportLogStorageAccountName')]",
            "location": "[parameters('computeLocation')]",
            "dependsOn": [],
            "properties": {},
            "kind": "Storage",
            "sku": {
                "name": "[parameters('supportLogStorageAccountType')]"
            },
            "tags": {
                "resourceType": "Service Fabric",
                "clusterName": "[parameters('clusterName')]"
            }
        },
        {
            "apiVersion": "[variables('storageApiVersion')]",
            "type": "Microsoft.Storage/storageAccounts",
            "name": "[parameters('applicationDiagnosticsStorageAccountName')]",
            "location": "[parameters('computeLocation')]",
            "dependsOn": [],
            "properties": {},
            "kind": "Storage",
            "sku": {
                "name": "[parameters('applicationDiagnosticsStorageAccountType')]"
            },
            "tags": {
                "resourceType": "Service Fabric",
                "clusterName": "[parameters('clusterName')]"
            }
        },
        {
            "apiVersion": "[variables('vNetApiVersion')]",
            "type": "Microsoft.Network/virtualNetworks",
            "name": "[parameters('virtualNetworkName')]",
            "location": "[parameters('computeLocation')]",
            "dependsOn": [],
            "properties": {
                "addressSpace": {
                    "addressPrefixes": [
                        "[parameters('addressPrefix')]"
                    ]
                },
                "subnets": [
                    {
                        "name": "[parameters('subnet0Name')]",
                        "properties": {
                            "addressPrefix": "[parameters('subnet0Prefix')]"
                        }
                    }
                ]
            },
            "tags": {
                "resourceType": "Service Fabric",
                "clusterName": "[parameters('clusterName')]"
            }
        },
        {
            "apiVersion": "[variables('publicIPApiVersion')]",
            "type": "Microsoft.Network/publicIPAddresses",
            "name": "[concat(parameters('lbIPName'),'-','0')]",
            "location": "[parameters('computeLocation')]",
            "properties": {
                "dnsSettings": {
                    "domainNameLabel": "[parameters('dnsName')]"
                },
                "publicIPAllocationMethod": "Dynamic"
            },
            "tags": {
                "resourceType": "Service Fabric",
                "clusterName": "[parameters('clusterName')]"
            }
        },
        {
            "apiVersion": "[variables('lbApiVersion')]",
            "type": "Microsoft.Network/loadBalancers",
            "name": "[concat('LB','-', parameters('clusterName'),'-',parameters('vmNodeType0Name'))]",
            "location": "[parameters('computeLocation')]",
            "dependsOn": [
                "[concat('Microsoft.Network/publicIPAddresses/',concat(parameters('lbIPName'),'-','0'))]"
            ],
            "properties": {
                "frontendIPConfigurations": [
                    {
                        "name": "LoadBalancerIPConfig",
                        "properties": {
                            "publicIPAddress": {
                                "id": "[resourceId('Microsoft.Network/publicIPAddresses',concat(parameters('lbIPName'),'-','0'))]"
                            }
                        }
                    }
                ],
                "backendAddressPools": [
                    {
                        "name": "LoadBalancerBEAddressPool",
                        "properties": {}
                    }
                ],
                "loadBalancingRules": [
                    {
                        "name": "LBRule",
                        "properties": {
                            "backendAddressPool": {
                                "id": "[variables('lbPoolID0')]"
                            },
                            "backendPort": "[parameters('nt0fabricTcpGatewayPort')]",
                            "enableFloatingIP": "false",
                            "frontendIPConfiguration": {
                                "id": "[variables('lbIPConfig0')]"
                            },
                            "frontendPort": "[parameters('nt0fabricTcpGatewayPort')]",
                            "idleTimeoutInMinutes": "5",
                            "probe": {
                                "id": "[variables('lbProbeID0')]"
                            },
                            "protocol": "tcp"
                        }
                    },
                    {
                        "name": "LBHttpRule",
                        "properties": {
                            "backendAddressPool": {
                                "id": "[variables('lbPoolID0')]"
                            },
                            "backendPort": "[parameters('nt0fabricHttpGatewayPort')]",
                            "enableFloatingIP": "false",
                            "frontendIPConfiguration": {
                                "id": "[variables('lbIPConfig0')]"
                            },
                            "frontendPort": "[parameters('nt0fabricHttpGatewayPort')]",
                            "idleTimeoutInMinutes": "5",
                            "probe": {
                                "id": "[variables('lbHttpProbeID0')]"
                            },
                            "protocol": "tcp"
                        }
                    },
                    {
                        "name": "AppPortLBRule1",
                        "properties": {
                            "backendAddressPool": {
                                "id": "[variables('lbPoolID0')]"
                            },
                            "backendPort": "[parameters('loadBalancedAppPort1')]",
                            "enableFloatingIP": "false",
                            "frontendIPConfiguration": {
                                "id": "[variables('lbIPConfig0')]"
                            },
                            "frontendPort": "[parameters('loadBalancedAppPort1')]",
                            "idleTimeoutInMinutes": "5",
                            "probe": {
                                "id": "[concat(variables('lbID0'),'/probes/AppPortProbe1')]"
                            },
                            "protocol": "tcp"
                        }
                    },
                    {
                        "name": "AppPortLBRule2",
                        "properties": {
                            "backendAddressPool": {
                                "id": "[variables('lbPoolID0')]"
                            },
                            "backendPort": "[parameters('loadBalancedAppPort2')]",
                            "enableFloatingIP": "false",
                            "frontendIPConfiguration": {
                                "id": "[variables('lbIPConfig0')]"
                            },
                            "frontendPort": "[parameters('loadBalancedAppPort2')]",
                            "idleTimeoutInMinutes": "5",
                            "probe": {
                                "id": "[concat(variables('lbID0'),'/probes/AppPortProbe2')]"
                            },
                            "protocol": "tcp"
                        }
                    },
                    {
                        "name": "AppPortLBRule3",
                        "properties": {
                            "backendAddressPool": {
                                "id": "[variables('lbPoolID0')]"
                            },
                            "backendPort": "[parameters('loadBalancedAppPort3')]",
                            "enableFloatingIP": "false",
                            "frontendIPConfiguration": {
                                "id": "[variables('lbIPConfig0')]"
                            },
                            "frontendPort": "[parameters('loadBalancedAppPort3')]",
                            "idleTimeoutInMinutes": "5",
                            "probe": {
                                "id": "[concat(variables('lbID0'),'/probes/AppPortProbe3')]"
                            },
                            "protocol": "tcp"
                        }
                    },
                    {
                        "name": "AppPortLBRule4",
                        "properties": {
                            "backendAddressPool": {
                                "id": "[variables('lbPoolID0')]"
                            },
                            "backendPort": "[parameters('loadBalancedAppPort4')]",
                            "enableFloatingIP": "false",
                            "frontendIPConfiguration": {
                                "id": "[variables('lbIPConfig0')]"
                            },
                            "frontendPort": "[parameters('loadBalancedAppPort4')]",
                            "idleTimeoutInMinutes": "5",
                            "probe": {
                                "id": "[concat(variables('lbID0'),'/probes/AppPortProbe4')]"
                            },
                            "protocol": "tcp"
                        }
                    },
                    {
                        "name": "AppPortLBRule5",
                        "properties": {
                            "backendAddressPool": {
                                "id": "[variables('lbPoolID0')]"
                            },
                            "backendPort": "[parameters('loadBalancedAppPort5')]",
                            "enableFloatingIP": "false",
                            "frontendIPConfiguration": {
                                "id": "[variables('lbIPConfig0')]"
                            },
                            "frontendPort": "[parameters('loadBalancedAppPort5')]",
                            "idleTimeoutInMinutes": "5",
                            "probe": {
                                "id": "[concat(variables('lbID0'),'/probes/AppPortProbe5')]"
                            },
                            "protocol": "tcp"
                        }
                    },
                    {
                        "name": "AppPortLBRule6",
                        "properties": {
                            "backendAddressPool": {
                                "id": "[variables('lbPoolID0')]"
                            },
                            "backendPort": "[parameters('loadBalancedAppPort6')]",
                            "enableFloatingIP": "false",
                            "frontendIPConfiguration": {
                                "id": "[variables('lbIPConfig0')]"
                            },
                            "frontendPort": "[parameters('loadBalancedAppPort6')]",
                            "idleTimeoutInMinutes": "5",
                            "probe": {
                                "id": "[concat(variables('lbID0'),'/probes/AppPortProbe6')]"
                            },
                            "protocol": "tcp"
                        }
                    },
                    {
                        "name": "AppPortLBRule7",
                        "properties": {
                            "backendAddressPool": {
                                "id": "[variables('lbPoolID0')]"
                            },
                            "backendPort": "[parameters('loadBalancedAppPort7')]",
                            "enableFloatingIP": "false",
                            "frontendIPConfiguration": {
                                "id": "[variables('lbIPConfig0')]"
                            },
                            "frontendPort": "[parameters('loadBalancedAppPort7')]",
                            "idleTimeoutInMinutes": "5",
                            "probe": {
                                "id": "[concat(variables('lbID0'),'/probes/AppPortProbe7')]"
                            },
                            "protocol": "tcp"
                        }
                    },
                    {
                        "name": "AppPortLBRule8",
                        "properties": {
                            "backendAddressPool": {
                                "id": "[variables('lbPoolID0')]"
                            },
                            "backendPort": "[parameters('loadBalancedAppPort8')]",
                            "enableFloatingIP": "false",
                            "frontendIPConfiguration": {
                                "id": "[variables('lbIPConfig0')]"
                            },
                            "frontendPort": "[parameters('loadBalancedAppPort8')]",
                            "idleTimeoutInMinutes": "5",
                            "probe": {
                                "id": "[concat(variables('lbID0'),'/probes/AppPortProbe8')]"
                            },
                            "protocol": "tcp"
                        }
                    },
                    {
                        "name": "AppPortLBRule9",
                        "properties": {
                            "backendAddressPool": {
                                "id": "[variables('lbPoolID0')]"
                            },
                            "backendPort": "[parameters('loadBalancedAppPort9')]",
                            "enableFloatingIP": "false",
                            "frontendIPConfiguration": {
                                "id": "[variables('lbIPConfig0')]"
                            },
                            "frontendPort": "[parameters('loadBalancedAppPort9')]",
                            "idleTimeoutInMinutes": "5",
                            "probe": {
                                "id": "[concat(variables('lbID0'),'/probes/AppPortProbe9')]"
                            },
                            "protocol": "tcp"
                        }
                    },
                    {
                        "name": "AppPortLBRule10",
                        "properties": {
                            "backendAddressPool": {
                                "id": "[variables('lbPoolID0')]"
                            },
                            "backendPort": "[parameters('loadBalancedAppPort10')]",
                            "enableFloatingIP": "false",
                            "frontendIPConfiguration": {
                                "id": "[variables('lbIPConfig0')]"
                            },
                            "frontendPort": "[parameters('loadBalancedAppPort10')]",
                            "idleTimeoutInMinutes": "5",
                            "probe": {
                                "id": "[concat(variables('lbID0'),'/probes/AppPortProbe10')]"
                            },
                            "protocol": "tcp"
                        }
                    },
                    {
                        "name": "AppPortLBRule11",
                        "properties": {
                            "backendAddressPool": {
                                "id": "[variables('lbPoolID0')]"
                            },
                            "backendPort": "[parameters('loadBalancedAppPort11')]",
                            "enableFloatingIP": "false",
                            "frontendIPConfiguration": {
                                "id": "[variables('lbIPConfig0')]"
                            },
                            "frontendPort": "[parameters('loadBalancedAppPort11')]",
                            "idleTimeoutInMinutes": "5",
                            "probe": {
                                "id": "[concat(variables('lbID0'),'/probes/AppPortProbe11')]"
                            },
                            "protocol": "tcp"
                        }
                    },
                    {
                        "name": "AppPortLBRule12",
                        "properties": {
                            "backendAddressPool": {
                                "id": "[variables('lbPoolID0')]"
                            },
                            "backendPort": "[parameters('loadBalancedAppPort12')]",
                            "enableFloatingIP": "false",
                            "frontendIPConfiguration": {
                                "id": "[variables('lbIPConfig0')]"
                            },
                            "frontendPort": "[parameters('loadBalancedAppPort12')]",
                            "idleTimeoutInMinutes": "5",
                            "probe": {
                                "id": "[concat(variables('lbID0'),'/probes/AppPortProbe12')]"
                            },
                            "protocol": "tcp"
                        }
                    },
                    {
                        "name": "AppPortLBRule13",
                        "properties": {
                            "backendAddressPool": {
                                "id": "[variables('lbPoolID0')]"
                            },
                            "backendPort": "[parameters('loadBalancedAppPort13')]",
                            "enableFloatingIP": "false",
                            "frontendIPConfiguration": {
                                "id": "[variables('lbIPConfig0')]"
                            },
                            "frontendPort": "[parameters('loadBalancedAppPort13')]",
                            "idleTimeoutInMinutes": "5",
                            "probe": {
                                "id": "[concat(variables('lbID0'),'/probes/AppPortProbe13')]"
                            },
                            "protocol": "tcp"
                        }
                    },
                    {
                        "name": "AppPortLBRule14",
                        "properties": {
                            "backendAddressPool": {
                                "id": "[variables('lbPoolID0')]"
                            },
                            "backendPort": "[parameters('loadBalancedAppPort14')]",
                            "enableFloatingIP": "false",
                            "frontendIPConfiguration": {
                                "id": "[variables('lbIPConfig0')]"
                            },
                            "frontendPort": "[parameters('loadBalancedAppPort14')]",
                            "idleTimeoutInMinutes": "5",
                            "probe": {
                                "id": "[concat(variables('lbID0'),'/probes/AppPortProbe14')]"
                            },
                            "protocol": "tcp"
                        }
                    },
                    {
                        "name": "AppPortLBRule15",
                        "properties": {
                            "backendAddressPool": {
                                "id": "[variables('lbPoolID0')]"
                            },
                            "backendPort": "[parameters('loadBalancedAppPort15')]",
                            "enableFloatingIP": "false",
                            "frontendIPConfiguration": {
                                "id": "[variables('lbIPConfig0')]"
                            },
                            "frontendPort": "[parameters('loadBalancedAppPort15')]",
                            "idleTimeoutInMinutes": "5",
                            "probe": {
                                "id": "[concat(variables('lbID0'),'/probes/AppPortProbe15')]"
                            },
                            "protocol": "tcp"
                        }
                    },
                    {
                        "name": "AppPortLBRule16",
                        "properties": {
                            "backendAddressPool": {
                                "id": "[variables('lbPoolID0')]"
                            },
                            "backendPort": "[parameters('loadBalancedAppPort16')]",
                            "enableFloatingIP": "false",
                            "frontendIPConfiguration": {
                                "id": "[variables('lbIPConfig0')]"
                            },
                            "frontendPort": "[parameters('loadBalancedAppPort16')]",
                            "idleTimeoutInMinutes": "5",
                            "probe": {
                                "id": "[concat(variables('lbID0'),'/probes/AppPortProbe16')]"
                            },
                            "protocol": "tcp"
                        }
                    },
                    {
                        "name": "AppPortLBRule17",
                        "properties": {
                            "backendAddressPool": {
                                "id": "[variables('lbPoolID0')]"
                            },
                            "backendPort": "[parameters('loadBalancedAppPort17')]",
                            "enableFloatingIP": "false",
                            "frontendIPConfiguration": {
                                "id": "[variables('lbIPConfig0')]"
                            },
                            "frontendPort": "[parameters('loadBalancedAppPort17')]",
                            "idleTimeoutInMinutes": "5",
                            "probe": {
                                "id": "[concat(variables('lbID0'),'/probes/AppPortProbe17')]"
                            },
                            "protocol": "tcp"
                        }
                    },
                    {
                        "name": "AppPortLBRule18",
                        "properties": {
                            "backendAddressPool": {
                                "id": "[variables('lbPoolID0')]"
                            },
                            "backendPort": "[parameters('loadBalancedAppPort18')]",
                            "enableFloatingIP": "false",
                            "frontendIPConfiguration": {
                                "id": "[variables('lbIPConfig0')]"
                            },
                            "frontendPort": "[parameters('loadBalancedAppPort18')]",
                            "idleTimeoutInMinutes": "5",
                            "probe": {
                                "id": "[concat(variables('lbID0'),'/probes/AppPortProbe18')]"
                            },
                            "protocol": "tcp"
                        }
                    },
                    {
                        "name": "AppPortLBRule19",
                        "properties": {
                            "backendAddressPool": {
                                "id": "[variables('lbPoolID0')]"
                            },
                            "backendPort": "[parameters('loadBalancedAppPort19')]",
                            "enableFloatingIP": "false",
                            "frontendIPConfiguration": {
                                "id": "[variables('lbIPConfig0')]"
                            },
                            "frontendPort": "[parameters('loadBalancedAppPort19')]",
                            "idleTimeoutInMinutes": "5",
                            "probe": {
                                "id": "[concat(variables('lbID0'),'/probes/AppPortProbe19')]"
                            },
                            "protocol": "tcp"
                        }
                    },
                    {
                        "name": "AppPortLBRule20",
                        "properties": {
                            "backendAddressPool": {
                                "id": "[variables('lbPoolID0')]"
                            },
                            "backendPort": "[parameters('loadBalancedAppPort20')]",
                            "enableFloatingIP": "false",
                            "frontendIPConfiguration": {
                                "id": "[variables('lbIPConfig0')]"
                            },
                            "frontendPort": "[parameters('loadBalancedAppPort20')]",
                            "idleTimeoutInMinutes": "5",
                            "probe": {
                                "id": "[concat(variables('lbID0'),'/probes/AppPortProbe20')]"
                            },
                            "protocol": "tcp"
                        }
                    },
                    {
                        "name": "AppPortLBRule21",
                        "properties": {
                            "backendAddressPool": {
                                "id": "[variables('lbPoolID0')]"
                            },
                            "backendPort": "[parameters('loadBalancedAppPort21')]",
                            "enableFloatingIP": "false",
                            "frontendIPConfiguration": {
                                "id": "[variables('lbIPConfig0')]"
                            },
                            "frontendPort": "[parameters('loadBalancedAppPort21')]",
                            "idleTimeoutInMinutes": "5",
                            "probe": {
                                "id": "[concat(variables('lbID0'),'/probes/AppPortProbe21')]"
                            },
                            "protocol": "tcp"
                        }
                    },
                    {
                        "name": "AppPortLBRule22",
                        "properties": {
                            "backendAddressPool": {
                                "id": "[variables('lbPoolID0')]"
                            },
                            "backendPort": "[parameters('loadBalancedAppPort22')]",
                            "enableFloatingIP": "false",
                            "frontendIPConfiguration": {
                                "id": "[variables('lbIPConfig0')]"
                            },
                            "frontendPort": "[parameters('loadBalancedAppPort22')]",
                            "idleTimeoutInMinutes": "5",
                            "probe": {
                                "id": "[concat(variables('lbID0'),'/probes/AppPortProbe22')]"
                            },
                            "protocol": "tcp"
                        }
                    },
                    {
                        "name": "AppPortLBRule23",
                        "properties": {
                            "backendAddressPool": {
                                "id": "[variables('lbPoolID0')]"
                            },
                            "backendPort": "[parameters('loadBalancedAppPort23')]",
                            "enableFloatingIP": "false",
                            "frontendIPConfiguration": {
                                "id": "[variables('lbIPConfig0')]"
                            },
                            "frontendPort": "[parameters('loadBalancedAppPort23')]",
                            "idleTimeoutInMinutes": "5",
                            "probe": {
                                "id": "[concat(variables('lbID0'),'/probes/AppPortProbe23')]"
                            },
                            "protocol": "tcp"
                        }
                    },
                    {
                        "name": "AppPortLBRule24",
                        "properties": {
                            "backendAddressPool": {
                                "id": "[variables('lbPoolID0')]"
                            },
                            "backendPort": "[parameters('loadBalancedAppPort24')]",
                            "enableFloatingIP": "false",
                            "frontendIPConfiguration": {
                                "id": "[variables('lbIPConfig0')]"
                            },
                            "frontendPort": "[parameters('loadBalancedAppPort24')]",
                            "idleTimeoutInMinutes": "5",
                            "probe": {
                                "id": "[concat(variables('lbID0'),'/probes/AppPortProbe24')]"
                            },
                            "protocol": "tcp"
                        }
                    },
                    {
                        "name": "AppPortLBRule25",
                        "properties": {
                            "backendAddressPool": {
                                "id": "[variables('lbPoolID0')]"
                            },
                            "backendPort": "[parameters('loadBalancedAppPort25')]",
                            "enableFloatingIP": "false",
                            "frontendIPConfiguration": {
                                "id": "[variables('lbIPConfig0')]"
                            },
                            "frontendPort": "[parameters('loadBalancedAppPort25')]",
                            "idleTimeoutInMinutes": "5",
                            "probe": {
                                "id": "[concat(variables('lbID0'),'/probes/AppPortProbe25')]"
                            },
                            "protocol": "tcp"
                        }
                    },
                    {
                        "name": "AppPortLBRule26",
                        "properties": {
                            "backendAddressPool": {
                                "id": "[variables('lbPoolID0')]"
                            },
                            "backendPort": "[parameters('loadBalancedAppPort26')]",
                            "enableFloatingIP": "false",
                            "frontendIPConfiguration": {
                                "id": "[variables('lbIPConfig0')]"
                            },
                            "frontendPort": "[parameters('loadBalancedAppPort26')]",
                            "idleTimeoutInMinutes": "5",
                            "probe": {
                                "id": "[concat(variables('lbID0'),'/probes/AppPortProbe26')]"
                            },
                            "protocol": "tcp"
                        }
                    },
                    {
                        "name": "AppPortLBRule27",
                        "properties": {
                            "backendAddressPool": {
                                "id": "[variables('lbPoolID0')]"
                            },
                            "backendPort": "[parameters('loadBalancedAppPort27')]",
                            "enableFloatingIP": "false",
                            "frontendIPConfiguration": {
                                "id": "[variables('lbIPConfig0')]"
                            },
                            "frontendPort": "[parameters('loadBalancedAppPort27')]",
                            "idleTimeoutInMinutes": "5",
                            "probe": {
                                "id": "[concat(variables('lbID0'),'/probes/AppPortProbe27')]"
                            },
                            "protocol": "tcp"
                        }
                    },
                    {
                        "name": "AppPortLBRule28",
                        "properties": {
                            "backendAddressPool": {
                                "id": "[variables('lbPoolID0')]"
                            },
                            "backendPort": "[parameters('loadBalancedAppPort28')]",
                            "enableFloatingIP": "false",
                            "frontendIPConfiguration": {
                                "id": "[variables('lbIPConfig0')]"
                            },
                            "frontendPort": "[parameters('loadBalancedAppPort28')]",
                            "idleTimeoutInMinutes": "5",
                            "probe": {
                                "id": "[concat(variables('lbID0'),'/probes/AppPortProbe28')]"
                            },
                            "protocol": "tcp"
                        }
                    },
                    {
                        "name": "AppPortLBRule29",
                        "properties": {
                            "backendAddressPool": {
                                "id": "[variables('lbPoolID0')]"
                            },
                            "backendPort": "[parameters('loadBalancedAppPort29')]",
                            "enableFloatingIP": "false",
                            "frontendIPConfiguration": {
                                "id": "[variables('lbIPConfig0')]"
                            },
                            "frontendPort": "[parameters('loadBalancedAppPort29')]",
                            "idleTimeoutInMinutes": "5",
                            "probe": {
                                "id": "[concat(variables('lbID0'),'/probes/AppPortProbe29')]"
                            },
                            "protocol": "tcp"
                        }
                    },
                    {
                        "name": "AppPortLBRule30",
                        "properties": {
                            "backendAddressPool": {
                                "id": "[variables('lbPoolID0')]"
                            },
                            "backendPort": "[parameters('loadBalancedAppPort30')]",
                            "enableFloatingIP": "false",
                            "frontendIPConfiguration": {
                                "id": "[variables('lbIPConfig0')]"
                            },
                            "frontendPort": "[parameters('loadBalancedAppPort30')]",
                            "idleTimeoutInMinutes": "5",
                            "probe": {
                                "id": "[concat(variables('lbID0'),'/probes/AppPortProbe30')]"
                            },
                            "protocol": "tcp"
                        }
                    }
                ],
                "probes": [
                    {
                        "name": "FabricGatewayProbe",
                        "properties": {
                            "intervalInSeconds": 5,
                            "numberOfProbes": 2,
                            "port": "[parameters('nt0fabricTcpGatewayPort')]",
                            "protocol": "tcp"
                        }
                    },
                    {
                        "name": "FabricHttpGatewayProbe",
                        "properties": {
                            "intervalInSeconds": 5,
                            "numberOfProbes": 2,
                            "port": "[parameters('nt0fabricHttpGatewayPort')]",
                            "protocol": "tcp"
                        }
                    },
                    {
                        "name": "AppPortProbe1",
                        "properties": {
                            "intervalInSeconds": 5,
                            "numberOfProbes": 2,
                            "port": "[parameters('loadBalancedAppPort1')]",
                            "protocol": "tcp"
                        }
                    },
                    {
                        "name": "AppPortProbe2",
                        "properties": {
                            "intervalInSeconds": 5,
                            "numberOfProbes": 2,
                            "port": "[parameters('loadBalancedAppPort2')]",
                            "protocol": "tcp"
                        }
                    },
                    {
                        "name": "AppPortProbe3",
                        "properties": {
                            "intervalInSeconds": 5,
                            "numberOfProbes": 2,
                            "port": "[parameters('loadBalancedAppPort3')]",
                            "protocol": "tcp"
                        }
                    },
                    {
                        "name": "AppPortProbe4",
                        "properties": {
                            "intervalInSeconds": 5,
                            "numberOfProbes": 2,
                            "port": "[parameters('loadBalancedAppPort4')]",
                            "protocol": "tcp"
                        }
                    },
                    {
                        "name": "AppPortProbe5",
                        "properties": {
                            "intervalInSeconds": 5,
                            "numberOfProbes": 2,
                            "port": "[parameters('loadBalancedAppPort5')]",
                            "protocol": "tcp"
                        }
                    },
                    {
                        "name": "AppPortProbe6",
                        "properties": {
                            "intervalInSeconds": 5,
                            "numberOfProbes": 2,
                            "port": "[parameters('loadBalancedAppPort6')]",
                            "protocol": "tcp"
                        }
                    },
                    {
                        "name": "AppPortProbe7",
                        "properties": {
                            "intervalInSeconds": 5,
                            "numberOfProbes": 2,
                            "port": "[parameters('loadBalancedAppPort7')]",
                            "protocol": "tcp"
                        }
                    },
                    {
                        "name": "AppPortProbe8",
                        "properties": {
                            "intervalInSeconds": 5,
                            "numberOfProbes": 2,
                            "port": "[parameters('loadBalancedAppPort8')]",
                            "protocol": "tcp"
                        }
                    },
                    {
                        "name": "AppPortProbe9",
                        "properties": {
                            "intervalInSeconds": 5,
                            "numberOfProbes": 2,
                            "port": "[parameters('loadBalancedAppPort9')]",
                            "protocol": "tcp"
                        }
                    },
                    {
                        "name": "AppPortProbe10",
                        "properties": {
                            "intervalInSeconds": 5,
                            "numberOfProbes": 2,
                            "port": "[parameters('loadBalancedAppPort10')]",
                            "protocol": "tcp"
                        }
                    },
                    {
                        "name": "AppPortProbe11",
                        "properties": {
                            "intervalInSeconds": 5,
                            "numberOfProbes": 2,
                            "port": "[parameters('loadBalancedAppPort11')]",
                            "protocol": "tcp"
                        }
                    },
                    {
                        "name": "AppPortProbe12",
                        "properties": {
                            "intervalInSeconds": 5,
                            "numberOfProbes": 2,
                            "port": "[parameters('loadBalancedAppPort12')]",
                            "protocol": "tcp"
                        }
                    },
                    {
                        "name": "AppPortProbe13",
                        "properties": {
                            "intervalInSeconds": 5,
                            "numberOfProbes": 2,
                            "port": "[parameters('loadBalancedAppPort13')]",
                            "protocol": "tcp"
                        }
                    },
                    {
                        "name": "AppPortProbe14",
                        "properties": {
                            "intervalInSeconds": 5,
                            "numberOfProbes": 2,
                            "port": "[parameters('loadBalancedAppPort14')]",
                            "protocol": "tcp"
                        }
                    },
                    {
                        "name": "AppPortProbe15",
                        "properties": {
                            "intervalInSeconds": 5,
                            "numberOfProbes": 2,
                            "port": "[parameters('loadBalancedAppPort15')]",
                            "protocol": "tcp"
                        }
                    },
                    {
                        "name": "AppPortProbe16",
                        "properties": {
                            "intervalInSeconds": 5,
                            "numberOfProbes": 2,
                            "port": "[parameters('loadBalancedAppPort16')]",
                            "protocol": "tcp"
                        }
                    },
                    {
                        "name": "AppPortProbe17",
                        "properties": {
                            "intervalInSeconds": 5,
                            "numberOfProbes": 2,
                            "port": "[parameters('loadBalancedAppPort17')]",
                            "protocol": "tcp"
                        }
                    },
                    {
                        "name": "AppPortProbe18",
                        "properties": {
                            "intervalInSeconds": 5,
                            "numberOfProbes": 2,
                            "port": "[parameters('loadBalancedAppPort18')]",
                            "protocol": "tcp"
                        }
                    },
                    {
                        "name": "AppPortProbe19",
                        "properties": {
                            "intervalInSeconds": 5,
                            "numberOfProbes": 2,
                            "port": "[parameters('loadBalancedAppPort19')]",
                            "protocol": "tcp"
                        }
                    },
                    {
                        "name": "AppPortProbe20",
                        "properties": {
                            "intervalInSeconds": 5,
                            "numberOfProbes": 2,
                            "port": "[parameters('loadBalancedAppPort20')]",
                            "protocol": "tcp"
                        }
                    },
                    {
                        "name": "AppPortProbe21",
                        "properties": {
                            "intervalInSeconds": 5,
                            "numberOfProbes": 2,
                            "port": "[parameters('loadBalancedAppPort21')]",
                            "protocol": "tcp"
                        }
                    },
                    {
                        "name": "AppPortProbe22",
                        "properties": {
                            "intervalInSeconds": 5,
                            "numberOfProbes": 2,
                            "port": "[parameters('loadBalancedAppPort22')]",
                            "protocol": "tcp"
                        }
                    },
                    {
                        "name": "AppPortProbe23",
                        "properties": {
                            "intervalInSeconds": 5,
                            "numberOfProbes": 2,
                            "port": "[parameters('loadBalancedAppPort23')]",
                            "protocol": "tcp"
                        }
                    },
                    {
                        "name": "AppPortProbe24",
                        "properties": {
                            "intervalInSeconds": 5,
                            "numberOfProbes": 2,
                            "port": "[parameters('loadBalancedAppPort24')]",
                            "protocol": "tcp"
                        }
                    },
                    {
                        "name": "AppPortProbe25",
                        "properties": {
                            "intervalInSeconds": 5,
                            "numberOfProbes": 2,
                            "port": "[parameters('loadBalancedAppPort25')]",
                            "protocol": "tcp"
                        }
                    },
                    {
                        "name": "AppPortProbe26",
                        "properties": {
                            "intervalInSeconds": 5,
                            "numberOfProbes": 2,
                            "port": "[parameters('loadBalancedAppPort26')]",
                            "protocol": "tcp"
                        }
                    },
                    {
                        "name": "AppPortProbe27",
                        "properties": {
                            "intervalInSeconds": 5,
                            "numberOfProbes": 2,
                            "port": "[parameters('loadBalancedAppPort27')]",
                            "protocol": "tcp"
                        }
                    },
                    {
                        "name": "AppPortProbe28",
                        "properties": {
                            "intervalInSeconds": 5,
                            "numberOfProbes": 2,
                            "port": "[parameters('loadBalancedAppPort28')]",
                            "protocol": "tcp"
                        }
                    },
                    {
                        "name": "AppPortProbe29",
                        "properties": {
                            "intervalInSeconds": 5,
                            "numberOfProbes": 2,
                            "port": "[parameters('loadBalancedAppPort29')]",
                            "protocol": "tcp"
                        }
                    },
                    {
                        "name": "AppPortProbe30",
                        "properties": {
                            "intervalInSeconds": 5,
                            "numberOfProbes": 2,
                            "port": "[parameters('loadBalancedAppPort30')]",
                            "protocol": "tcp"
                        }
                    }
                ],
                "inboundNatPools": [
                    {
                        "name": "LoadBalancerBEAddressNatPool",
                        "properties": {
                            "backendPort": "3389",
                            "frontendIPConfiguration": {
                                "id": "[variables('lbIPConfig0')]"
                            },
                            "frontendPortRangeEnd": "4500",
                            "frontendPortRangeStart": "3389",
                            "protocol": "tcp"
                        }
                    }
                ]
            },
            "tags": {
                "resourceType": "Service Fabric",
                "clusterName": "[parameters('clusterName')]"
            }
        },
        {
            "apiVersion": "[variables('storageApiVersion')]",
            "type": "Microsoft.Storage/storageAccounts",
            "name": "[variables('uniqueStringArray0')[copyIndex()]]",
            "location": "[parameters('computeLocation')]",
            "dependsOn": [],
            "properties": {},
            "copy": {
                "name": "storageLoop",
                "count": 5
            },
            "kind": "Storage",
            "sku": {
                "name": "[parameters('storageAccountType')]"
            },
            "tags": {
                "resourceType": "Service Fabric",
                "clusterName": "[parameters('clusterName')]"
            }
        },
        {
            "apiVersion": "[variables('vmssApiVersion')]",
            "type": "Microsoft.Compute/virtualMachineScaleSets",
            "name": "[parameters('vmNodeType0Name')]",
            "location": "[parameters('computeLocation')]",
            "dependsOn": [
                "[concat('Microsoft.Network/virtualNetworks/', parameters('virtualNetworkName'))]",
                "[concat('Microsoft.Storage/storageAccounts/', variables('uniqueStringArray0')[0])]",
                "[concat('Microsoft.Storage/storageAccounts/', variables('uniqueStringArray0')[1])]",
                "[concat('Microsoft.Storage/storageAccounts/', variables('uniqueStringArray0')[2])]",
                "[concat('Microsoft.Storage/storageAccounts/', variables('uniqueStringArray0')[3])]",
                "[concat('Microsoft.Storage/storageAccounts/', variables('uniqueStringArray0')[4])]",
                "[concat('Microsoft.Network/loadBalancers/', concat('LB','-', parameters('clusterName'),'-',parameters('vmNodeType0Name')))]",
                "[concat('Microsoft.Storage/storageAccounts/', parameters('supportLogStorageAccountName'))]",
                "[concat('Microsoft.Storage/storageAccounts/', parameters('applicationDiagnosticsStorageAccountName'))]"
            ],
            "properties": {
                "overprovision": "[parameters('overProvision')]",
                "upgradePolicy": {
                    "mode": "Automatic"
                },
                "virtualMachineProfile": {
                    "extensionProfile": {
                        "extensions": [
                            {
                                "name": "[concat(parameters('vmNodeType0Name'),'_ServiceFabricNode')]",
                                "properties": {
                                    "type": "ServiceFabricNode",
                                    "autoUpgradeMinorVersion": true,
                                    "protectedSettings": {
                                        "StorageAccountKey1": "[listKeys(resourceId('Microsoft.Storage/storageAccounts', parameters('supportLogStorageAccountName')),'2015-05-01-preview').key1]",
                                        "StorageAccountKey2": "[listKeys(resourceId('Microsoft.Storage/storageAccounts', parameters('supportLogStorageAccountName')),'2015-05-01-preview').key2]"
                                    },
                                    "publisher": "Microsoft.Azure.ServiceFabric",
                                    "settings": {
                                        "clusterEndpoint": "[reference(parameters('clusterName')).clusterEndpoint]",
                                        "nodeTypeRef": "[parameters('vmNodeType0Name')]",
                                        "dataPath": "D:\\\\SvcFab",
                                        "durabilityLevel": "Bronze",
                                        "enableParallelJobs": true,
                                        "nicPrefixOverride": "[parameters('subnet0Prefix')]",
                                        "certificate": {
                                            "thumbprint": "[parameters('certificateThumbprint')]",
                                            "x509StoreName": "[parameters('certificateStoreValue')]"
                                        }
                                    },
                                    "typeHandlerVersion": "1.0"
                                }
                            },
                            {
                                "name": "[concat('VMDiagnosticsVmExt','_vmNodeType0Name')]",
                                "properties": {
                                    "type": "IaaSDiagnostics",
                                    "autoUpgradeMinorVersion": true,
                                    "protectedSettings": {
                                        "storageAccountName": "[parameters('applicationDiagnosticsStorageAccountName')]",
                                        "storageAccountKey": "[listKeys(resourceId('Microsoft.Storage/storageAccounts', parameters('applicationDiagnosticsStorageAccountName')),'2015-05-01-preview').key1]",
                                        "storageAccountEndPoint": "https://core.windows.net/"
                                    },
                                    "publisher": "Microsoft.Azure.Diagnostics",
                                    "settings": {
                                        "WadCfg": {
                                            "DiagnosticMonitorConfiguration": {
                                                "overallQuotaInMB": "50000",
                                                "EtwProviders": {
                                                    "EtwEventSourceProviderConfiguration": [
                                                        {
                                                            "provider": "Microsoft-ServiceFabric-Actors",
                                                            "scheduledTransferKeywordFilter": "1",
                                                            "scheduledTransferPeriod": "PT5M",
                                                            "DefaultEvents": {
                                                                "eventDestination": "ServiceFabricReliableActorEventTable"
                                                            }
                                                        },
                                                        {
                                                            "provider": "Microsoft-ServiceFabric-Services",
                                                            "scheduledTransferPeriod": "PT5M",
                                                            "DefaultEvents": {
                                                                "eventDestination": "ServiceFabricReliableServiceEventTable"
                                                            }
                                                        }
                                                    ],
                                                    "EtwManifestProviderConfiguration": [
                                                        {
                                                            "provider": "cbd93bc2-71e5-4566-b3a7-595d8eeca6e8",
                                                            "scheduledTransferLogLevelFilter": "Information",
                                                            "scheduledTransferKeywordFilter": "4611686018427387904",
                                                            "scheduledTransferPeriod": "PT5M",
                                                            "DefaultEvents": {
                                                                "eventDestination": "ServiceFabricSystemEventTable"
                                                            }
                                                        }
                                                    ]
                                                }
                                            }
                                        },
                                        "StorageAccount": "[parameters('applicationDiagnosticsStorageAccountName')]"
                                    },
                                    "typeHandlerVersion": "1.5"
                                }
                            }
                        ]
                    },
                    "networkProfile": {
                        "networkInterfaceConfigurations": [
                            {
                                "name": "[concat(parameters('nicName'), '-0')]",
                                "properties": {
                                    "ipConfigurations": [
                                        {
                                            "name": "[concat(parameters('nicName'),'-',0)]",
                                            "properties": {
                                                "loadBalancerBackendAddressPools": [
                                                    {
                                                        "id": "[variables('lbPoolID0')]"
                                                    }
                                                ],
                                                "loadBalancerInboundNatPools": [
                                                    {
                                                        "id": "[variables('lbNatPoolID0')]"
                                                    }
                                                ],
                                                "subnet": {
                                                    "id": "[variables('subnet0Ref')]"
                                                }
                                            }
                                        }
                                    ],
                                    "primary": true
                                }
                            }
                        ]
                    },
                    "osProfile": {
                        "adminPassword": "[parameters('adminPassword')]",
                        "adminUsername": "[parameters('adminUsername')]",
                        "computernamePrefix": "[parameters('vmNodeType0Name')]",
                        "secrets": [
                            {
                                "sourceVault": {
                                    "id": "[parameters('sourceVaultValue')]"
                                },
                                "vaultCertificates": [
                                    {
                                        "certificateStore": "[parameters('certificateStoreValue')]",
                                        "certificateUrl": "[parameters('certificateUrlValue')]"
                                    }
                                ]
                            }
                        ]
                    },
                    "storageProfile": {
                        "imageReference": {
                            "publisher": "[parameters('vmImagePublisher')]",
                            "offer": "[parameters('vmImageOffer')]",
                            "sku": "[parameters('vmImageSku')]",
                            "version": "[parameters('vmImageVersion')]"
                        },
                        "osDisk": {
                            "caching": "ReadOnly",
                            "createOption": "FromImage",
                            "vhdContainers": [
                                "[concat(reference(concat('Microsoft.Storage/storageAccounts/', variables('uniqueStringArray0')[0]), variables('storageApiVersion')).primaryEndpoints.blob, parameters('vmStorageAccountContainerName'))]",
                                "[concat(reference(concat('Microsoft.Storage/storageAccounts/', variables('uniqueStringArray0')[1]), variables('storageApiVersion')).primaryEndpoints.blob, parameters('vmStorageAccountContainerName'))]",
                                "[concat(reference(concat('Microsoft.Storage/storageAccounts/', variables('uniqueStringArray0')[2]), variables('storageApiVersion')).primaryEndpoints.blob, parameters('vmStorageAccountContainerName'))]",
                                "[concat(reference(concat('Microsoft.Storage/storageAccounts/', variables('uniqueStringArray0')[3]), variables('storageApiVersion')).primaryEndpoints.blob, parameters('vmStorageAccountContainerName'))]",
                                "[concat(reference(concat('Microsoft.Storage/storageAccounts/', variables('uniqueStringArray0')[4]), variables('storageApiVersion')).primaryEndpoints.blob, parameters('vmStorageAccountContainerName'))]"
                            ],
                            "name": "vmssosdisk"
                        }
                    }
                }
            },
            "sku": {
                "name": "[parameters('vmNodeType0Size')]",
                "capacity": "[parameters('nt0InstanceCount')]",
                "tier": "Standard"
            },
            "tags": {
                "resourceType": "Service Fabric",
                "clusterName": "[parameters('clusterName')]"
            }
        },
        {
            "apiVersion": "2017-07-01-preview",
            "type": "Microsoft.ServiceFabric/clusters",
            "name": "[parameters('clusterName')]",
            "location": "[parameters('clusterLocation')]",
            "dependsOn": [
                "[concat('Microsoft.Storage/storageAccounts/', parameters('supportLogStorageAccountName'))]"
            ],
            "properties": {
                "addonFeatures": [
                    "DnsService",
                    "RepairManager"
                ],
                "certificate": {
                    "thumbprint": "[parameters('certificateThumbprint')]",
                    "x509StoreName": "[parameters('certificateStoreValue')]"
                },
                "clientCertificateCommonNames": [],
                "clientCertificateThumbprints": [],
                "clusterState": "Default",
                "diagnosticsStorageAccountConfig": {
                    "blobEndpoint": "[reference(concat('Microsoft.Storage/storageAccounts/', parameters('supportLogStorageAccountName')), variables('storageApiVersion')).primaryEndpoints.blob]",
                    "protectedAccountKeyName": "StorageAccountKey1",
                    "queueEndpoint": "[reference(concat('Microsoft.Storage/storageAccounts/', parameters('supportLogStorageAccountName')), variables('storageApiVersion')).primaryEndpoints.queue]",
                    "storageAccountName": "[parameters('supportLogStorageAccountName')]",
                    "tableEndpoint": "[reference(concat('Microsoft.Storage/storageAccounts/', parameters('supportLogStorageAccountName')), variables('storageApiVersion')).primaryEndpoints.table]"
                },
                "fabricSettings": [
                    {
                        "parameters": [
                            {
                                "name": "ClusterProtectionLevel",
                                "value": "[parameters('clusterProtectionLevel')]"
                            }
                        ],
                        "name": "Security"
                    }
                ],
                "managementEndpoint": "[concat('https://',reference(concat(parameters('lbIPName'),'-','0')).dnsSettings.fqdn,':',parameters('nt0fabricHttpGatewayPort'))]",
                "nodeTypes": [
                    {
                        "name": "[parameters('vmNodeType0Name')]",
                        "applicationPorts": {
                            "endPort": "[parameters('nt0applicationEndPort')]",
                            "startPort": "[parameters('nt0applicationStartPort')]"
                        },
                        "clientConnectionEndpointPort": "[parameters('nt0fabricTcpGatewayPort')]",
                        "durabilityLevel": "Bronze",
                        "ephemeralPorts": {
                            "endPort": "[parameters('nt0ephemeralEndPort')]",
                            "startPort": "[parameters('nt0ephemeralStartPort')]"
                        },
                        "httpGatewayEndpointPort": "[parameters('nt0fabricHttpGatewayPort')]",
                        "isPrimary": true,
                        "reverseProxyEndpointPort": "[parameters('nt0reverseProxyEndpointPort')]",
                        "vmInstanceCount": "[parameters('nt0InstanceCount')]"
                    }
                ],
                "provisioningState": "Default",
                "reliabilityLevel": "Silver",
                "upgradeMode": "Automatic",
                "vmImage": "Windows"
            },
            "tags": {
                "resourceType": "Service Fabric",
                "clusterName": "[parameters('clusterName')]"
            }
        }
    ],
    "outputs": {
        "clusterProperties": {
            "value": "[reference(parameters('clusterName'))]",
            "type": "object"
        }
    }
}